crewman_name,crew_type,boarding_date,offboarding_date,is_vip
storm_trooper_0,Storm Trooper,2022-05-04,,
storm_trooper_1,Storm Trooper,2022-05-04,,
storm_trooper_2,Storm Trooper,2022-05-04,,
storm_trooper_3,Storm Trooper,2022-05-04,,
storm_trooper_4,Storm Trooper,2022-05-04,,
storm_trooper_5,Storm Trooper,2022-05-04,,
storm_trooper_6,Storm Trooper,2022-05-04,,
storm_trooper_7,Storm Trooper,2022-05-04,,
storm_trooper_8,Storm Trooper,2022-05-04,,
storm_trooper_9,Storm Trooper,2022-05-04,,
storm_trooper_10,Storm Trooper,2022-05-04,,
storm_trooper_11,Storm Trooper,2022-05-04,,
storm_trooper_12,Storm Trooper,2022-05-04,,
storm_trooper_13,Storm Trooper,2022-05-04,,
storm_trooper_14,Storm Trooper,2022-05-04,,
storm_trooper_15,Storm Trooper,2022-05-04,,
storm_trooper_16,Storm Trooper,2022-05-04,,
storm_trooper_17,Storm Trooper,2022-05-04,,
storm_trooper_18,Storm Trooper,2022-05-04,,
storm_trooper_19,Storm Trooper,2022-05-04,,
storm_trooper_20,Storm Trooper,2022-05-04,,
storm_trooper_21,Storm Trooper,2022-05-04,,
storm_trooper_22,Storm Trooper,2022-05-04,,
storm_trooper_23,Storm Trooper,2022-05-04,,
storm_trooper_24,Storm Trooper,2022-05-04,,
storm_trooper_25,Storm Trooper,2022-05-04,,
storm_trooper_26,Storm Trooper,2022-05-04,,
storm_trooper_27,Storm Trooper,2022-05-04,,
storm_trooper_28,Storm Trooper,2022-05-04,,
storm_trooper_29,Storm Trooper,2022-05-04,,
storm_trooper_30,Storm Trooper,2022-05-04,,
storm_trooper_31,Storm Trooper,2022-05-04,,
storm_trooper_32,Storm Trooper,2022-05-04,,
storm_trooper_33,Storm Trooper,2022-05-04,,
storm_trooper_34,Storm Trooper,2022-05-04,,
storm_trooper_35,Storm Trooper,2022-05-04,,
storm_trooper_36,Storm Trooper,2022-05-04,,
storm_trooper_37,Storm Trooper,2022-05-04,,
storm_trooper_38,Storm Trooper,2022-05-04,,
storm_trooper_39,Storm Trooper,2022-05-04,,
storm_trooper_40,Storm Trooper,2022-05-04,,
storm_trooper_41,Storm Trooper,2022-05-04,,
storm_trooper_42,Storm Trooper,2022-05-04,,
storm_trooper_43,Storm Trooper,2022-05-04,,
storm_trooper_44,Storm Trooper,2022-05-04,,
storm_trooper_45,Storm Trooper,2022-05-04,,
storm_trooper_46,Storm Trooper,2022-05-04,,
storm_trooper_47,Storm Trooper,2022-05-04,,
storm_trooper_48,Storm Trooper,2022-05-04,,
storm_trooper_49,Storm Trooper,2022-05-04,,
storm_trooper_50,Storm Trooper,2022-05-04,,
storm_trooper_51,Storm Trooper,2022-05-04,,
storm_trooper_52,Storm Trooper,2022-05-04,,
storm_trooper_53,Storm Trooper,2022-05-04,,
storm_trooper_54,Storm Trooper,2022-05-04,,
storm_trooper_55,Storm Trooper,2022-05-04,,
storm_trooper_56,Storm Trooper,2022-05-04,,
storm_trooper_57,Storm Trooper,2022-05-04,,
storm_trooper_58,Storm Trooper,2022-05-04,,
storm_trooper_59,Storm Trooper,2022-05-04,,
storm_trooper_60,Storm Trooper,2022-05-04,,
storm_trooper_61,Storm Trooper,2022-05-04,,
storm_trooper_62,Storm Trooper,2022-05-04,,
storm_trooper_63,Storm Trooper,2022-05-04,,
storm_trooper_64,Storm Trooper,2022-05-04,,
storm_trooper_65,Storm Trooper,2022-05-04,,
storm_trooper_66,Storm Trooper,2022-05-04,,
storm_trooper_67,Storm Trooper,2022-05-04,,
storm_trooper_68,Storm Trooper,2022-05-04,,
storm_trooper_69,Storm Trooper,2022-05-04,,
storm_trooper_70,Storm Trooper,2022-05-04,,
storm_trooper_71,Storm Trooper,2022-05-04,,
storm_trooper_72,Storm Trooper,2022-05-04,,
storm_trooper_73,Storm Trooper,2022-05-04,,
storm_trooper_74,Storm Trooper,2022-05-04,,
storm_trooper_75,Storm Trooper,2022-05-04,,
storm_trooper_76,Storm Trooper,2022-05-04,,
storm_trooper_77,Storm Trooper,2022-05-04,,
storm_trooper_78,Storm Trooper,2022-05-04,,
storm_trooper_79,Storm Trooper,2022-05-04,,
storm_trooper_80,Storm Trooper,2022-05-04,,
storm_trooper_81,Storm Trooper,2022-05-04,,
storm_trooper_82,Storm Trooper,2022-05-04,,
storm_trooper_83,Storm Trooper,2022-05-04,,
storm_trooper_84,Storm Trooper,2022-05-04,,
storm_trooper_85,Storm Trooper,2022-05-04,,
storm_trooper_86,Storm Trooper,2022-05-04,,
storm_trooper_87,Storm Trooper,2022-05-04,,
storm_trooper_88,Storm Trooper,2022-05-04,,
storm_trooper_89,Storm Trooper,2022-05-04,,
storm_trooper_90,Storm Trooper,2022-05-04,,
storm_trooper_91,Storm Trooper,2022-05-04,,
storm_trooper_92,Storm Trooper,2022-05-04,,
storm_trooper_93,Storm Trooper,2022-05-04,,
storm_trooper_94,Storm Trooper,2022-05-04,,
storm_trooper_95,Storm Trooper,2022-05-04,,
storm_trooper_96,Storm Trooper,2022-05-04,,
storm_trooper_97,Storm Trooper,2022-05-04,,
storm_trooper_98,Storm Trooper,2022-05-04,,
storm_trooper_99,Storm Trooper,2022-05-04,,
storm_trooper_100,Storm Trooper,2022-05-04,,
storm_trooper_101,Storm Trooper,2022-05-04,,
storm_trooper_102,Storm Trooper,2022-05-04,,
storm_trooper_103,Storm Trooper,2022-05-04,,
storm_trooper_104,Storm Trooper,2022-05-04,,
storm_trooper_105,Storm Trooper,2022-05-04,,
storm_trooper_106,Storm Trooper,2022-05-04,,
storm_trooper_107,Storm Trooper,2022-05-04,,
storm_trooper_108,Storm Trooper,2022-05-04,,
storm_trooper_109,Storm Trooper,2022-05-04,,
storm_trooper_110,Storm Trooper,2022-05-04,,
storm_trooper_111,Storm Trooper,2022-05-04,,
storm_trooper_112,Storm Trooper,2022-05-04,,
storm_trooper_113,Storm Trooper,2022-05-04,,
storm_trooper_114,Storm Trooper,2022-05-04,,
storm_trooper_115,Storm Trooper,2022-05-04,,
storm_trooper_116,Storm Trooper,2022-05-04,,
storm_trooper_117,Storm Trooper,2022-05-04,,
storm_trooper_118,Storm Trooper,2022-05-04,,
storm_trooper_119,Storm Trooper,2022-05-04,,
storm_trooper_120,Storm Trooper,2022-05-04,,
storm_trooper_121,Storm Trooper,2022-05-04,,
storm_trooper_122,Storm Trooper,2022-05-04,,
storm_trooper_123,Storm Trooper,2022-05-04,,
storm_trooper_124,Storm Trooper,2022-05-04,,
storm_trooper_125,Storm Trooper,2022-05-04,,
storm_trooper_126,Storm Trooper,2022-05-04,,
storm_trooper_127,Storm Trooper,2022-05-04,,
storm_trooper_128,Storm Trooper,2022-05-04,,
storm_trooper_129,Storm Trooper,2022-05-04,,
storm_trooper_130,Storm Trooper,2022-05-04,,
storm_trooper_131,Storm Trooper,2022-05-04,,
storm_trooper_132,Storm Trooper,2022-05-04,,
storm_trooper_133,Storm Trooper,2022-05-04,,
storm_trooper_134,Storm Trooper,2022-05-04,,
storm_trooper_135,Storm Trooper,2022-05-04,,
storm_trooper_136,Storm Trooper,2022-05-04,,
storm_trooper_137,Storm Trooper,2022-05-04,,
storm_trooper_138,Storm Trooper,2022-05-04,,
storm_trooper_139,Storm Trooper,2022-05-04,,
storm_trooper_140,Storm Trooper,2022-05-04,,
storm_trooper_141,Storm Trooper,2022-05-04,,
storm_trooper_142,Storm Trooper,2022-05-04,,
storm_trooper_143,Storm Trooper,2022-05-04,,
storm_trooper_144,Storm Trooper,2022-05-04,,
storm_trooper_145,Storm Trooper,2022-05-04,,
storm_trooper_146,Storm Trooper,2022-05-04,,
storm_trooper_147,Storm Trooper,2022-05-04,,
storm_trooper_148,Storm Trooper,2022-05-04,,
storm_trooper_149,Storm Trooper,2022-05-04,,
storm_trooper_150,Storm Trooper,2022-05-04,,
storm_trooper_151,Storm Trooper,2022-05-04,,
storm_trooper_152,Storm Trooper,2022-05-04,,
storm_trooper_153,Storm Trooper,2022-05-04,,
storm_trooper_154,Storm Trooper,2022-05-04,,
storm_trooper_155,Storm Trooper,2022-05-04,,
storm_trooper_156,Storm Trooper,2022-05-04,,
storm_trooper_157,Storm Trooper,2022-05-04,,
storm_trooper_158,Storm Trooper,2022-05-04,,
storm_trooper_159,Storm Trooper,2022-05-04,,
storm_trooper_160,Storm Trooper,2022-05-04,,
storm_trooper_161,Storm Trooper,2022-05-04,,
storm_trooper_162,Storm Trooper,2022-05-04,,
storm_trooper_163,Storm Trooper,2022-05-04,,
storm_trooper_164,Storm Trooper,2022-05-04,,
storm_trooper_165,Storm Trooper,2022-05-04,,
storm_trooper_166,Storm Trooper,2022-05-04,,
storm_trooper_167,Storm Trooper,2022-05-04,,
storm_trooper_168,Storm Trooper,2022-05-04,,
storm_trooper_169,Storm Trooper,2022-05-04,,
storm_trooper_170,Storm Trooper,2022-05-04,,
storm_trooper_171,Storm Trooper,2022-05-04,,
storm_trooper_172,Storm Trooper,2022-05-04,,
storm_trooper_173,Storm Trooper,2022-05-04,,
storm_trooper_174,Storm Trooper,2022-05-04,,
storm_trooper_175,Storm Trooper,2022-05-04,,
storm_trooper_176,Storm Trooper,2022-05-04,,
storm_trooper_177,Storm Trooper,2022-05-04,,
storm_trooper_178,Storm Trooper,2022-05-04,,
storm_trooper_179,Storm Trooper,2022-05-04,,
storm_trooper_180,Storm Trooper,2022-05-04,,
storm_trooper_181,Storm Trooper,2022-05-04,,
storm_trooper_182,Storm Trooper,2022-05-04,,
storm_trooper_183,Storm Trooper,2022-05-04,,
storm_trooper_184,Storm Trooper,2022-05-04,,
storm_trooper_185,Storm Trooper,2022-05-04,,
storm_trooper_186,Storm Trooper,2022-05-04,,
storm_trooper_187,Storm Trooper,2022-05-04,,
storm_trooper_188,Storm Trooper,2022-05-04,,
storm_trooper_189,Storm Trooper,2022-05-04,,
storm_trooper_190,Storm Trooper,2022-05-04,,
storm_trooper_191,Storm Trooper,2022-05-04,,
storm_trooper_192,Storm Trooper,2022-05-04,,
storm_trooper_193,Storm Trooper,2022-05-04,,
storm_trooper_194,Storm Trooper,2022-05-04,,
storm_trooper_195,Storm Trooper,2022-05-04,,
storm_trooper_196,Storm Trooper,2022-05-04,,
storm_trooper_197,Storm Trooper,2022-05-04,,
storm_trooper_198,Storm Trooper,2022-05-04,,
storm_trooper_199,Storm Trooper,2022-05-04,,
storm_trooper_200,Storm Trooper,2022-05-04,,
storm_trooper_201,Storm Trooper,2022-05-04,,
storm_trooper_202,Storm Trooper,2022-05-04,,
storm_trooper_203,Storm Trooper,2022-05-04,,
storm_trooper_204,Storm Trooper,2022-05-04,,
storm_trooper_205,Storm Trooper,2022-05-04,,
storm_trooper_206,Storm Trooper,2022-05-04,,
storm_trooper_207,Storm Trooper,2022-05-04,,
storm_trooper_208,Storm Trooper,2022-05-04,,
storm_trooper_209,Storm Trooper,2022-05-04,,
storm_trooper_210,Storm Trooper,2022-05-04,,
storm_trooper_211,Storm Trooper,2022-05-04,,
storm_trooper_212,Storm Trooper,2022-05-04,,
storm_trooper_213,Storm Trooper,2022-05-04,,
storm_trooper_214,Storm Trooper,2022-05-04,,
storm_trooper_215,Storm Trooper,2022-05-04,,
storm_trooper_216,Storm Trooper,2022-05-04,,
storm_trooper_217,Storm Trooper,2022-05-04,,
storm_trooper_218,Storm Trooper,2022-05-04,,
storm_trooper_219,Storm Trooper,2022-05-04,,
storm_trooper_220,Storm Trooper,2022-05-04,,
storm_trooper_221,Storm Trooper,2022-05-04,,
storm_trooper_222,Storm Trooper,2022-05-04,,
storm_trooper_223,Storm Trooper,2022-05-04,,
storm_trooper_224,Storm Trooper,2022-05-04,,
storm_trooper_225,Storm Trooper,2022-05-04,,
storm_trooper_226,Storm Trooper,2022-05-04,,
storm_trooper_227,Storm Trooper,2022-05-04,,
storm_trooper_228,Storm Trooper,2022-05-04,,
storm_trooper_229,Storm Trooper,2022-05-04,,
storm_trooper_230,Storm Trooper,2022-05-04,,
storm_trooper_231,Storm Trooper,2022-05-04,,
storm_trooper_232,Storm Trooper,2022-05-04,,
storm_trooper_233,Storm Trooper,2022-05-04,,
storm_trooper_234,Storm Trooper,2022-05-04,,
storm_trooper_235,Storm Trooper,2022-05-04,,
storm_trooper_236,Storm Trooper,2022-05-04,,
storm_trooper_237,Storm Trooper,2022-05-04,,
storm_trooper_238,Storm Trooper,2022-05-04,,
storm_trooper_239,Storm Trooper,2022-05-04,,
storm_trooper_240,Storm Trooper,2022-05-04,,
storm_trooper_241,Storm Trooper,2022-05-04,,
storm_trooper_242,Storm Trooper,2022-05-04,,
storm_trooper_243,Storm Trooper,2022-05-04,,
storm_trooper_244,Storm Trooper,2022-05-04,,
storm_trooper_245,Storm Trooper,2022-05-04,,
storm_trooper_246,Storm Trooper,2022-05-04,,
storm_trooper_247,Storm Trooper,2022-05-04,,
storm_trooper_248,Storm Trooper,2022-05-04,,
storm_trooper_249,Storm Trooper,2022-05-04,,
storm_trooper_250,Storm Trooper,2022-05-04,,
storm_trooper_251,Storm Trooper,2022-05-04,,
storm_trooper_252,Storm Trooper,2022-05-04,,
storm_trooper_253,Storm Trooper,2022-05-04,,
storm_trooper_254,Storm Trooper,2022-05-04,,
storm_trooper_255,Storm Trooper,2022-05-04,,
storm_trooper_256,Storm Trooper,2022-05-04,,
storm_trooper_257,Storm Trooper,2022-05-04,,
storm_trooper_258,Storm Trooper,2022-05-04,,
storm_trooper_259,Storm Trooper,2022-05-04,,
storm_trooper_260,Storm Trooper,2022-05-04,,
storm_trooper_261,Storm Trooper,2022-05-04,,
storm_trooper_262,Storm Trooper,2022-05-04,,
storm_trooper_263,Storm Trooper,2022-05-04,,
storm_trooper_264,Storm Trooper,2022-05-04,,
storm_trooper_265,Storm Trooper,2022-05-04,,
storm_trooper_266,Storm Trooper,2022-05-04,,
storm_trooper_267,Storm Trooper,2022-05-04,,
storm_trooper_268,Storm Trooper,2022-05-04,,
storm_trooper_269,Storm Trooper,2022-05-04,,
storm_trooper_270,Storm Trooper,2022-05-04,,
storm_trooper_271,Storm Trooper,2022-05-04,,
storm_trooper_272,Storm Trooper,2022-05-04,,
storm_trooper_273,Storm Trooper,2022-05-04,,
storm_trooper_274,Storm Trooper,2022-05-04,,
storm_trooper_275,Storm Trooper,2022-05-04,,
storm_trooper_276,Storm Trooper,2022-05-04,,
storm_trooper_277,Storm Trooper,2022-05-04,,
storm_trooper_278,Storm Trooper,2022-05-04,,
storm_trooper_279,Storm Trooper,2022-05-04,,
storm_trooper_280,Storm Trooper,2022-05-04,,
storm_trooper_281,Storm Trooper,2022-05-04,,
storm_trooper_282,Storm Trooper,2022-05-04,,
storm_trooper_283,Storm Trooper,2022-05-04,,
storm_trooper_284,Storm Trooper,2022-05-04,,
storm_trooper_285,Storm Trooper,2022-05-04,,
storm_trooper_286,Storm Trooper,2022-05-04,,
storm_trooper_287,Storm Trooper,2022-05-04,,
storm_trooper_288,Storm Trooper,2022-05-04,,
storm_trooper_289,Storm Trooper,2022-05-04,,
storm_trooper_290,Storm Trooper,2022-05-04,,
storm_trooper_291,Storm Trooper,2022-05-04,,
storm_trooper_292,Storm Trooper,2022-05-04,,
storm_trooper_293,Storm Trooper,2022-05-04,,
storm_trooper_294,Storm Trooper,2022-05-04,,
storm_trooper_295,Storm Trooper,2022-05-04,,
storm_trooper_296,Storm Trooper,2022-05-04,,
storm_trooper_297,Storm Trooper,2022-05-04,,
storm_trooper_298,Storm Trooper,2022-05-04,,
storm_trooper_299,Storm Trooper,2022-05-04,,
storm_trooper_300,Storm Trooper,2022-05-04,,
storm_trooper_301,Storm Trooper,2022-05-04,,
storm_trooper_302,Storm Trooper,2022-05-04,,
storm_trooper_303,Storm Trooper,2022-05-04,,
storm_trooper_304,Storm Trooper,2022-05-04,,
storm_trooper_305,Storm Trooper,2022-05-04,,
storm_trooper_306,Storm Trooper,2022-05-04,,
storm_trooper_307,Storm Trooper,2022-05-04,,
storm_trooper_308,Storm Trooper,2022-05-04,,
storm_trooper_309,Storm Trooper,2022-05-04,,
storm_trooper_310,Storm Trooper,2022-05-04,,
storm_trooper_311,Storm Trooper,2022-05-04,,
storm_trooper_312,Storm Trooper,2022-05-04,,
storm_trooper_313,Storm Trooper,2022-05-04,,
storm_trooper_314,Storm Trooper,2022-05-04,,
storm_trooper_315,Storm Trooper,2022-05-04,,
storm_trooper_316,Storm Trooper,2022-05-04,,
storm_trooper_317,Storm Trooper,2022-05-04,,
storm_trooper_318,Storm Trooper,2022-05-04,,
storm_trooper_319,Storm Trooper,2022-05-04,,
storm_trooper_320,Storm Trooper,2022-05-04,,
storm_trooper_321,Storm Trooper,2022-05-04,,
storm_trooper_322,Storm Trooper,2022-05-04,,
storm_trooper_323,Storm Trooper,2022-05-04,,
storm_trooper_324,Storm Trooper,2022-05-04,,
storm_trooper_325,Storm Trooper,2022-05-04,,
storm_trooper_326,Storm Trooper,2022-05-04,,
storm_trooper_327,Storm Trooper,2022-05-04,,
storm_trooper_328,Storm Trooper,2022-05-04,,
storm_trooper_329,Storm Trooper,2022-05-04,,
storm_trooper_330,Storm Trooper,2022-05-04,,
storm_trooper_331,Storm Trooper,2022-05-04,,
storm_trooper_332,Storm Trooper,2022-05-04,,
storm_trooper_333,Storm Trooper,2022-05-04,,
storm_trooper_334,Storm Trooper,2022-05-04,,
storm_trooper_335,Storm Trooper,2022-05-04,,
storm_trooper_336,Storm Trooper,2022-05-04,,
storm_trooper_337,Storm Trooper,2022-05-04,,
storm_trooper_338,Storm Trooper,2022-05-04,,
storm_trooper_339,Storm Trooper,2022-05-04,,
storm_trooper_340,Storm Trooper,2022-05-04,,
storm_trooper_341,Storm Trooper,2022-05-04,,
storm_trooper_342,Storm Trooper,2022-05-04,,
storm_trooper_343,Storm Trooper,2022-05-04,,
storm_trooper_344,Storm Trooper,2022-05-04,,
storm_trooper_345,Storm Trooper,2022-05-04,,
storm_trooper_346,Storm Trooper,2022-05-04,,
storm_trooper_347,Storm Trooper,2022-05-04,,
storm_trooper_348,Storm Trooper,2022-05-04,,
storm_trooper_349,Storm Trooper,2022-05-04,,
storm_trooper_350,Storm Trooper,2022-05-04,,
storm_trooper_351,Storm Trooper,2022-05-04,,
storm_trooper_352,Storm Trooper,2022-05-04,,
storm_trooper_353,Storm Trooper,2022-05-04,,
storm_trooper_354,Storm Trooper,2022-05-04,,
storm_trooper_355,Storm Trooper,2022-05-04,,
storm_trooper_356,Storm Trooper,2022-05-04,,
storm_trooper_357,Storm Trooper,2022-05-04,,
storm_trooper_358,Storm Trooper,2022-05-04,,
storm_trooper_359,Storm Trooper,2022-05-04,,
storm_trooper_360,Storm Trooper,2022-05-04,,
storm_trooper_361,Storm Trooper,2022-05-04,,
storm_trooper_362,Storm Trooper,2022-05-04,,
storm_trooper_363,Storm Trooper,2022-05-04,,
storm_trooper_364,Storm Trooper,2022-05-04,,
storm_trooper_365,Storm Trooper,2022-05-04,,
storm_trooper_366,Storm Trooper,2022-05-04,,
storm_trooper_367,Storm Trooper,2022-05-04,,
storm_trooper_368,Storm Trooper,2022-05-04,,
storm_trooper_369,Storm Trooper,2022-05-04,,
storm_trooper_370,Storm Trooper,2022-05-04,,
storm_trooper_371,Storm Trooper,2022-05-04,,
storm_trooper_372,Storm Trooper,2022-05-04,,
storm_trooper_373,Storm Trooper,2022-05-04,,
storm_trooper_374,Storm Trooper,2022-05-04,,
storm_trooper_375,Storm Trooper,2022-05-04,,
storm_trooper_376,Storm Trooper,2022-05-04,,
storm_trooper_377,Storm Trooper,2022-05-04,,
storm_trooper_378,Storm Trooper,2022-05-04,,
storm_trooper_379,Storm Trooper,2022-05-04,,
storm_trooper_380,Storm Trooper,2022-05-04,,
storm_trooper_381,Storm Trooper,2022-05-04,,
storm_trooper_382,Storm Trooper,2022-05-04,,
storm_trooper_383,Storm Trooper,2022-05-04,,
storm_trooper_384,Storm Trooper,2022-05-04,,
storm_trooper_385,Storm Trooper,2022-05-04,,
storm_trooper_386,Storm Trooper,2022-05-04,,
storm_trooper_387,Storm Trooper,2022-05-04,,
storm_trooper_388,Storm Trooper,2022-05-04,,
storm_trooper_389,Storm Trooper,2022-05-04,,
storm_trooper_390,Storm Trooper,2022-05-04,,
storm_trooper_391,Storm Trooper,2022-05-04,,
storm_trooper_392,Storm Trooper,2022-05-04,,
storm_trooper_393,Storm Trooper,2022-05-04,,
storm_trooper_394,Storm Trooper,2022-05-04,,
storm_trooper_395,Storm Trooper,2022-05-04,,
storm_trooper_396,Storm Trooper,2022-05-04,,
storm_trooper_397,Storm Trooper,2022-05-04,,
storm_trooper_398,Storm Trooper,2022-05-04,,
storm_trooper_399,Storm Trooper,2022-05-04,,
storm_trooper_400,Storm Trooper,2022-05-04,,
storm_trooper_401,Storm Trooper,2022-05-04,,
storm_trooper_402,Storm Trooper,2022-05-04,,
storm_trooper_403,Storm Trooper,2022-05-04,,
storm_trooper_404,Storm Trooper,2022-05-04,,
storm_trooper_405,Storm Trooper,2022-05-04,,
storm_trooper_406,Storm Trooper,2022-05-04,,
storm_trooper_407,Storm Trooper,2022-05-04,,
storm_trooper_408,Storm Trooper,2022-05-04,,
storm_trooper_409,Storm Trooper,2022-05-04,,
storm_trooper_410,Storm Trooper,2022-05-04,,
storm_trooper_411,Storm Trooper,2022-05-04,,
storm_trooper_412,Storm Trooper,2022-05-04,,
storm_trooper_413,Storm Trooper,2022-05-04,,
storm_trooper_414,Storm Trooper,2022-05-04,,
storm_trooper_415,Storm Trooper,2022-05-04,,
storm_trooper_416,Storm Trooper,2022-05-04,,
storm_trooper_417,Storm Trooper,2022-05-04,,
storm_trooper_418,Storm Trooper,2022-05-04,,
storm_trooper_419,Storm Trooper,2022-05-04,,
storm_trooper_420,Storm Trooper,2022-05-04,,
storm_trooper_421,Storm Trooper,2022-05-04,,
storm_trooper_422,Storm Trooper,2022-05-04,,
storm_trooper_423,Storm Trooper,2022-05-04,,
storm_trooper_424,Storm Trooper,2022-05-04,,
storm_trooper_425,Storm Trooper,2022-05-04,,
storm_trooper_426,Storm Trooper,2022-05-04,,
storm_trooper_427,Storm Trooper,2022-05-04,,
storm_trooper_428,Storm Trooper,2022-05-04,,
storm_trooper_429,Storm Trooper,2022-05-04,,
storm_trooper_430,Storm Trooper,2022-05-04,,
storm_trooper_431,Storm Trooper,2022-05-04,,
storm_trooper_432,Storm Trooper,2022-05-04,,
storm_trooper_433,Storm Trooper,2022-05-04,,
storm_trooper_434,Storm Trooper,2022-05-04,,
storm_trooper_435,Storm Trooper,2022-05-04,,
storm_trooper_436,Storm Trooper,2022-05-04,,
storm_trooper_437,Storm Trooper,2022-05-04,,
storm_trooper_438,Storm Trooper,2022-05-04,,
storm_trooper_439,Storm Trooper,2022-05-04,,
storm_trooper_440,Storm Trooper,2022-05-04,,
storm_trooper_441,Storm Trooper,2022-05-04,,
storm_trooper_442,Storm Trooper,2022-05-04,,
storm_trooper_443,Storm Trooper,2022-05-04,,
storm_trooper_444,Storm Trooper,2022-05-04,,
storm_trooper_445,Storm Trooper,2022-05-04,,
storm_trooper_446,Storm Trooper,2022-05-04,,
storm_trooper_447,Storm Trooper,2022-05-04,,
storm_trooper_448,Storm Trooper,2022-05-04,,
storm_trooper_449,Storm Trooper,2022-05-04,,
storm_trooper_450,Storm Trooper,2022-05-04,,
storm_trooper_451,Storm Trooper,2022-05-04,,
storm_trooper_452,Storm Trooper,2022-05-04,,
storm_trooper_453,Storm Trooper,2022-05-04,,
storm_trooper_454,Storm Trooper,2022-05-04,,
storm_trooper_455,Storm Trooper,2022-05-04,,
storm_trooper_456,Storm Trooper,2022-05-04,,
storm_trooper_457,Storm Trooper,2022-05-04,,
storm_trooper_458,Storm Trooper,2022-05-04,,
storm_trooper_459,Storm Trooper,2022-05-04,,
storm_trooper_460,Storm Trooper,2022-05-04,,
storm_trooper_461,Storm Trooper,2022-05-04,,
storm_trooper_462,Storm Trooper,2022-05-04,,
storm_trooper_463,Storm Trooper,2022-05-04,,
storm_trooper_464,Storm Trooper,2022-05-04,,
storm_trooper_465,Storm Trooper,2022-05-04,,
storm_trooper_466,Storm Trooper,2022-05-04,,
storm_trooper_467,Storm Trooper,2022-05-04,,
storm_trooper_468,Storm Trooper,2022-05-04,,
storm_trooper_469,Storm Trooper,2022-05-04,,
storm_trooper_470,Storm Trooper,2022-05-04,,
storm_trooper_471,Storm Trooper,2022-05-04,,
storm_trooper_472,Storm Trooper,2022-05-04,,
storm_trooper_473,Storm Trooper,2022-05-04,,
storm_trooper_474,Storm Trooper,2022-05-04,,
storm_trooper_475,Storm Trooper,2022-05-04,,
storm_trooper_476,Storm Trooper,2022-05-04,,
storm_trooper_477,Storm Trooper,2022-05-04,,
storm_trooper_478,Storm Trooper,2022-05-04,,
storm_trooper_479,Storm Trooper,2022-05-04,,
storm_trooper_480,Storm Trooper,2022-05-04,,
storm_trooper_481,Storm Trooper,2022-05-04,,
storm_trooper_482,Storm Trooper,2022-05-04,,
storm_trooper_483,Storm Trooper,2022-05-04,,
storm_trooper_484,Storm Trooper,2022-05-04,,
storm_trooper_485,Storm Trooper,2022-05-04,,
storm_trooper_486,Storm Trooper,2022-05-04,,
storm_trooper_487,Storm Trooper,2022-05-04,,
storm_trooper_488,Storm Trooper,2022-05-04,,
storm_trooper_489,Storm Trooper,2022-05-04,,
storm_trooper_490,Storm Trooper,2022-05-04,,
storm_trooper_491,Storm Trooper,2022-05-04,,
storm_trooper_492,Storm Trooper,2022-05-04,,
storm_trooper_493,Storm Trooper,2022-05-04,,
storm_trooper_494,Storm Trooper,2022-05-04,,
storm_trooper_495,Storm Trooper,2022-05-04,,
storm_trooper_496,Storm Trooper,2022-05-04,,
storm_trooper_497,Storm Trooper,2022-05-04,,
storm_trooper_498,Storm Trooper,2022-05-04,,
storm_trooper_499,Storm Trooper,2022-05-04,,
storm_trooper_500,Storm Trooper,2022-05-04,,
storm_trooper_501,Storm Trooper,2022-05-04,,
storm_trooper_502,Storm Trooper,2022-05-04,,
storm_trooper_503,Storm Trooper,2022-05-04,,
storm_trooper_504,Storm Trooper,2022-05-04,,
storm_trooper_505,Storm Trooper,2022-05-04,,
storm_trooper_506,Storm Trooper,2022-05-04,,
storm_trooper_507,Storm Trooper,2022-05-04,,
storm_trooper_508,Storm Trooper,2022-05-04,,
storm_trooper_509,Storm Trooper,2022-05-04,,
storm_trooper_510,Storm Trooper,2022-05-04,,
storm_trooper_511,Storm Trooper,2022-05-04,,
storm_trooper_512,Storm Trooper,2022-05-04,,
storm_trooper_513,Storm Trooper,2022-05-04,,
storm_trooper_514,Storm Trooper,2022-05-04,,
storm_trooper_515,Storm Trooper,2022-05-04,,
storm_trooper_516,Storm Trooper,2022-05-04,,
storm_trooper_517,Storm Trooper,2022-05-04,,
storm_trooper_518,Storm Trooper,2022-05-04,,
storm_trooper_519,Storm Trooper,2022-05-04,,
storm_trooper_520,Storm Trooper,2022-05-04,,
storm_trooper_521,Storm Trooper,2022-05-04,,
storm_trooper_522,Storm Trooper,2022-05-04,,
storm_trooper_523,Storm Trooper,2022-05-04,,
storm_trooper_524,Storm Trooper,2022-05-04,,
storm_trooper_525,Storm Trooper,2022-05-04,,
storm_trooper_526,Storm Trooper,2022-05-04,,
storm_trooper_527,Storm Trooper,2022-05-04,,
storm_trooper_528,Storm Trooper,2022-05-04,,
storm_trooper_529,Storm Trooper,2022-05-04,,
storm_trooper_530,Storm Trooper,2022-05-04,,
storm_trooper_531,Storm Trooper,2022-05-04,,
storm_trooper_532,Storm Trooper,2022-05-04,,
storm_trooper_533,Storm Trooper,2022-05-04,,
storm_trooper_534,Storm Trooper,2022-05-04,,
storm_trooper_535,Storm Trooper,2022-05-04,,
storm_trooper_536,Storm Trooper,2022-05-04,,
storm_trooper_537,Storm Trooper,2022-05-04,,
storm_trooper_538,Storm Trooper,2022-05-04,,
storm_trooper_539,Storm Trooper,2022-05-04,,
storm_trooper_540,Storm Trooper,2022-05-04,,
storm_trooper_541,Storm Trooper,2022-05-04,,
storm_trooper_542,Storm Trooper,2022-05-04,,
storm_trooper_543,Storm Trooper,2022-05-04,,
storm_trooper_544,Storm Trooper,2022-05-04,,
storm_trooper_545,Storm Trooper,2022-05-04,,
storm_trooper_546,Storm Trooper,2022-05-04,,
storm_trooper_547,Storm Trooper,2022-05-04,,
storm_trooper_548,Storm Trooper,2022-05-04,,
storm_trooper_549,Storm Trooper,2022-05-04,,
storm_trooper_550,Storm Trooper,2022-05-04,,
storm_trooper_551,Storm Trooper,2022-05-04,,
storm_trooper_552,Storm Trooper,2022-05-04,,
storm_trooper_553,Storm Trooper,2022-05-04,,
storm_trooper_554,Storm Trooper,2022-05-04,,
storm_trooper_555,Storm Trooper,2022-05-04,,
storm_trooper_556,Storm Trooper,2022-05-04,,
storm_trooper_557,Storm Trooper,2022-05-04,,
storm_trooper_558,Storm Trooper,2022-05-04,,
storm_trooper_559,Storm Trooper,2022-05-04,,
storm_trooper_560,Storm Trooper,2022-05-04,,
storm_trooper_561,Storm Trooper,2022-05-04,,
storm_trooper_562,Storm Trooper,2022-05-04,,
storm_trooper_563,Storm Trooper,2022-05-04,,
storm_trooper_564,Storm Trooper,2022-05-04,,
storm_trooper_565,Storm Trooper,2022-05-04,,
storm_trooper_566,Storm Trooper,2022-05-04,,
storm_trooper_567,Storm Trooper,2022-05-04,,
storm_trooper_568,Storm Trooper,2022-05-04,,
storm_trooper_569,Storm Trooper,2022-05-04,,
storm_trooper_570,Storm Trooper,2022-05-04,,
storm_trooper_571,Storm Trooper,2022-05-04,,
storm_trooper_572,Storm Trooper,2022-05-04,,
storm_trooper_573,Storm Trooper,2022-05-04,,
storm_trooper_574,Storm Trooper,2022-05-04,,
storm_trooper_575,Storm Trooper,2022-05-04,,
storm_trooper_576,Storm Trooper,2022-05-04,,
storm_trooper_577,Storm Trooper,2022-05-04,,
storm_trooper_578,Storm Trooper,2022-05-04,,
storm_trooper_579,Storm Trooper,2022-05-04,,
storm_trooper_580,Storm Trooper,2022-05-04,,
storm_trooper_581,Storm Trooper,2022-05-04,,
storm_trooper_582,Storm Trooper,2022-05-04,,
storm_trooper_583,Storm Trooper,2022-05-04,,
storm_trooper_584,Storm Trooper,2022-05-04,,
storm_trooper_585,Storm Trooper,2022-05-04,,
storm_trooper_586,Storm Trooper,2022-05-04,,
storm_trooper_587,Storm Trooper,2022-05-04,,
storm_trooper_588,Storm Trooper,2022-05-04,,
storm_trooper_589,Storm Trooper,2022-05-04,,
storm_trooper_590,Storm Trooper,2022-05-04,,
storm_trooper_591,Storm Trooper,2022-05-04,,
storm_trooper_592,Storm Trooper,2022-05-04,,
storm_trooper_593,Storm Trooper,2022-05-04,,
storm_trooper_594,Storm Trooper,2022-05-04,,
storm_trooper_595,Storm Trooper,2022-05-04,,
storm_trooper_596,Storm Trooper,2022-05-04,,
storm_trooper_597,Storm Trooper,2022-05-04,,
storm_trooper_598,Storm Trooper,2022-05-04,,
storm_trooper_599,Storm Trooper,2022-05-04,,
storm_trooper_600,Storm Trooper,2022-05-04,,
storm_trooper_601,Storm Trooper,2022-05-04,,
storm_trooper_602,Storm Trooper,2022-05-04,,
storm_trooper_603,Storm Trooper,2022-05-04,,
storm_trooper_604,Storm Trooper,2022-05-04,,
storm_trooper_605,Storm Trooper,2022-05-04,,
storm_trooper_606,Storm Trooper,2022-05-04,,
storm_trooper_607,Storm Trooper,2022-05-04,,
storm_trooper_608,Storm Trooper,2022-05-04,,
storm_trooper_609,Storm Trooper,2022-05-04,,
storm_trooper_610,Storm Trooper,2022-05-04,,
storm_trooper_611,Storm Trooper,2022-05-04,,
storm_trooper_612,Storm Trooper,2022-05-04,,
storm_trooper_613,Storm Trooper,2022-05-04,,
storm_trooper_614,Storm Trooper,2022-05-04,,
storm_trooper_615,Storm Trooper,2022-05-04,,
storm_trooper_616,Storm Trooper,2022-05-04,,
storm_trooper_617,Storm Trooper,2022-05-04,,
storm_trooper_618,Storm Trooper,2022-05-04,,
storm_trooper_619,Storm Trooper,2022-05-04,,
storm_trooper_620,Storm Trooper,2022-05-04,,
storm_trooper_621,Storm Trooper,2022-05-04,,
storm_trooper_622,Storm Trooper,2022-05-04,,
storm_trooper_623,Storm Trooper,2022-05-04,,
storm_trooper_624,Storm Trooper,2022-05-04,,
storm_trooper_625,Storm Trooper,2022-05-04,,
storm_trooper_626,Storm Trooper,2022-05-04,,
storm_trooper_627,Storm Trooper,2022-05-04,,
storm_trooper_628,Storm Trooper,2022-05-04,,
storm_trooper_629,Storm Trooper,2022-05-04,,
storm_trooper_630,Storm Trooper,2022-05-04,,
storm_trooper_631,Storm Trooper,2022-05-04,,
storm_trooper_632,Storm Trooper,2022-05-04,,
storm_trooper_633,Storm Trooper,2022-05-04,,
storm_trooper_634,Storm Trooper,2022-05-04,,
storm_trooper_635,Storm Trooper,2022-05-04,,
storm_trooper_636,Storm Trooper,2022-05-04,,
storm_trooper_637,Storm Trooper,2022-05-04,,
storm_trooper_638,Storm Trooper,2022-05-04,,
storm_trooper_639,Storm Trooper,2022-05-04,,
storm_trooper_640,Storm Trooper,2022-05-04,,
storm_trooper_641,Storm Trooper,2022-05-04,,
storm_trooper_642,Storm Trooper,2022-05-04,,
storm_trooper_643,Storm Trooper,2022-05-04,,
storm_trooper_644,Storm Trooper,2022-05-04,,
storm_trooper_645,Storm Trooper,2022-05-04,,
storm_trooper_646,Storm Trooper,2022-05-04,,
storm_trooper_647,Storm Trooper,2022-05-04,,
storm_trooper_648,Storm Trooper,2022-05-04,,
storm_trooper_649,Storm Trooper,2022-05-04,,
storm_trooper_650,Storm Trooper,2022-05-04,,
storm_trooper_651,Storm Trooper,2022-05-04,,
storm_trooper_652,Storm Trooper,2022-05-04,,
storm_trooper_653,Storm Trooper,2022-05-04,,
storm_trooper_654,Storm Trooper,2022-05-04,,
storm_trooper_655,Storm Trooper,2022-05-04,,
storm_trooper_656,Storm Trooper,2022-05-04,,
storm_trooper_657,Storm Trooper,2022-05-04,,
storm_trooper_658,Storm Trooper,2022-05-04,,
storm_trooper_659,Storm Trooper,2022-05-04,,
storm_trooper_660,Storm Trooper,2022-05-04,,
storm_trooper_661,Storm Trooper,2022-05-04,,
storm_trooper_662,Storm Trooper,2022-05-04,,
storm_trooper_663,Storm Trooper,2022-05-04,,
storm_trooper_664,Storm Trooper,2022-05-04,,
storm_trooper_665,Storm Trooper,2022-05-04,,
storm_trooper_666,Storm Trooper,2022-05-04,,
storm_trooper_667,Storm Trooper,2022-05-04,,
storm_trooper_668,Storm Trooper,2022-05-04,,
storm_trooper_669,Storm Trooper,2022-05-04,,
storm_trooper_670,Storm Trooper,2022-05-04,,
storm_trooper_671,Storm Trooper,2022-05-04,,
storm_trooper_672,Storm Trooper,2022-05-04,,
storm_trooper_673,Storm Trooper,2022-05-04,,
storm_trooper_674,Storm Trooper,2022-05-04,,
storm_trooper_675,Storm Trooper,2022-05-04,,
storm_trooper_676,Storm Trooper,2022-05-04,,
storm_trooper_677,Storm Trooper,2022-05-04,,
storm_trooper_678,Storm Trooper,2022-05-04,,
storm_trooper_679,Storm Trooper,2022-05-04,,
storm_trooper_680,Storm Trooper,2022-05-04,,
storm_trooper_681,Storm Trooper,2022-05-04,,
storm_trooper_682,Storm Trooper,2022-05-04,,
storm_trooper_683,Storm Trooper,2022-05-04,,
storm_trooper_684,Storm Trooper,2022-05-04,,
storm_trooper_685,Storm Trooper,2022-05-04,,
storm_trooper_686,Storm Trooper,2022-05-04,,
storm_trooper_687,Storm Trooper,2022-05-04,,
storm_trooper_688,Storm Trooper,2022-05-04,,
storm_trooper_689,Storm Trooper,2022-05-04,,
storm_trooper_690,Storm Trooper,2022-05-04,,
storm_trooper_691,Storm Trooper,2022-05-04,,
storm_trooper_692,Storm Trooper,2022-05-04,,
storm_trooper_693,Storm Trooper,2022-05-04,,
storm_trooper_694,Storm Trooper,2022-05-04,,
storm_trooper_695,Storm Trooper,2022-05-04,,
storm_trooper_696,Storm Trooper,2022-05-04,,
storm_trooper_697,Storm Trooper,2022-05-04,,
storm_trooper_698,Storm Trooper,2022-05-04,,
storm_trooper_699,Storm Trooper,2022-05-04,,
storm_trooper_700,Storm Trooper,2022-05-04,,
storm_trooper_701,Storm Trooper,2022-05-04,,
storm_trooper_702,Storm Trooper,2022-05-04,,
storm_trooper_703,Storm Trooper,2022-05-04,,
storm_trooper_704,Storm Trooper,2022-05-04,,
storm_trooper_705,Storm Trooper,2022-05-04,,
storm_trooper_706,Storm Trooper,2022-05-04,,
storm_trooper_707,Storm Trooper,2022-05-04,,
storm_trooper_708,Storm Trooper,2022-05-04,,
storm_trooper_709,Storm Trooper,2022-05-04,,
storm_trooper_710,Storm Trooper,2022-05-04,,
storm_trooper_711,Storm Trooper,2022-05-04,,
storm_trooper_712,Storm Trooper,2022-05-04,,
storm_trooper_713,Storm Trooper,2022-05-04,,
storm_trooper_714,Storm Trooper,2022-05-04,,
storm_trooper_715,Storm Trooper,2022-05-04,,
storm_trooper_716,Storm Trooper,2022-05-04,,
storm_trooper_717,Storm Trooper,2022-05-04,,
storm_trooper_718,Storm Trooper,2022-05-04,,
storm_trooper_719,Storm Trooper,2022-05-04,,
storm_trooper_720,Storm Trooper,2022-05-04,,
storm_trooper_721,Storm Trooper,2022-05-04,,
storm_trooper_722,Storm Trooper,2022-05-04,,
storm_trooper_723,Storm Trooper,2022-05-04,,
storm_trooper_724,Storm Trooper,2022-05-04,,
storm_trooper_725,Storm Trooper,2022-05-04,,
storm_trooper_726,Storm Trooper,2022-05-04,,
storm_trooper_727,Storm Trooper,2022-05-04,,
storm_trooper_728,Storm Trooper,2022-05-04,,
storm_trooper_729,Storm Trooper,2022-05-04,,
storm_trooper_730,Storm Trooper,2022-05-04,,
storm_trooper_731,Storm Trooper,2022-05-04,,
storm_trooper_732,Storm Trooper,2022-05-04,,
storm_trooper_733,Storm Trooper,2022-05-04,,
storm_trooper_734,Storm Trooper,2022-05-04,,
storm_trooper_735,Storm Trooper,2022-05-04,,
storm_trooper_736,Storm Trooper,2022-05-04,,
storm_trooper_737,Storm Trooper,2022-05-04,,
storm_trooper_738,Storm Trooper,2022-05-04,,
storm_trooper_739,Storm Trooper,2022-05-04,,
storm_trooper_740,Storm Trooper,2022-05-04,,
storm_trooper_741,Storm Trooper,2022-05-04,,
storm_trooper_742,Storm Trooper,2022-05-04,,
storm_trooper_743,Storm Trooper,2022-05-04,,
storm_trooper_744,Storm Trooper,2022-05-04,,
storm_trooper_745,Storm Trooper,2022-05-04,,
storm_trooper_746,Storm Trooper,2022-05-04,,
storm_trooper_747,Storm Trooper,2022-05-04,,
storm_trooper_748,Storm Trooper,2022-05-04,,
storm_trooper_749,Storm Trooper,2022-05-04,,
storm_trooper_750,Storm Trooper,2022-05-04,,
storm_trooper_751,Storm Trooper,2022-05-04,,
storm_trooper_752,Storm Trooper,2022-05-04,,
storm_trooper_753,Storm Trooper,2022-05-04,,
storm_trooper_754,Storm Trooper,2022-05-04,,
storm_trooper_755,Storm Trooper,2022-05-04,,
storm_trooper_756,Storm Trooper,2022-05-04,,
storm_trooper_757,Storm Trooper,2022-05-04,,
storm_trooper_758,Storm Trooper,2022-05-04,,
storm_trooper_759,Storm Trooper,2022-05-04,,
storm_trooper_760,Storm Trooper,2022-05-04,,
storm_trooper_761,Storm Trooper,2022-05-04,,
storm_trooper_762,Storm Trooper,2022-05-04,,
storm_trooper_763,Storm Trooper,2022-05-04,,
storm_trooper_764,Storm Trooper,2022-05-04,,
storm_trooper_765,Storm Trooper,2022-05-04,,
storm_trooper_766,Storm Trooper,2022-05-04,,
storm_trooper_767,Storm Trooper,2022-05-04,,
storm_trooper_768,Storm Trooper,2022-05-04,,
storm_trooper_769,Storm Trooper,2022-05-04,,
storm_trooper_770,Storm Trooper,2022-05-04,,
storm_trooper_771,Storm Trooper,2022-05-04,,
storm_trooper_772,Storm Trooper,2022-05-04,,
storm_trooper_773,Storm Trooper,2022-05-04,,
storm_trooper_774,Storm Trooper,2022-05-04,,
storm_trooper_775,Storm Trooper,2022-05-04,,
storm_trooper_776,Storm Trooper,2022-05-04,,
storm_trooper_777,Storm Trooper,2022-05-04,,
storm_trooper_778,Storm Trooper,2022-05-04,,
storm_trooper_779,Storm Trooper,2022-05-04,,
storm_trooper_780,Storm Trooper,2022-05-04,,
storm_trooper_781,Storm Trooper,2022-05-04,,
storm_trooper_782,Storm Trooper,2022-05-04,,
storm_trooper_783,Storm Trooper,2022-05-04,,
storm_trooper_784,Storm Trooper,2022-05-04,,
storm_trooper_785,Storm Trooper,2022-05-04,,
storm_trooper_786,Storm Trooper,2022-05-04,,
storm_trooper_787,Storm Trooper,2022-05-04,,
storm_trooper_788,Storm Trooper,2022-05-04,,
storm_trooper_789,Storm Trooper,2022-05-04,,
storm_trooper_790,Storm Trooper,2022-05-04,,
storm_trooper_791,Storm Trooper,2022-05-04,,
storm_trooper_792,Storm Trooper,2022-05-04,,
storm_trooper_793,Storm Trooper,2022-05-04,,
storm_trooper_794,Storm Trooper,2022-05-04,,
storm_trooper_795,Storm Trooper,2022-05-04,,
storm_trooper_796,Storm Trooper,2022-05-04,,
storm_trooper_797,Storm Trooper,2022-05-04,,
storm_trooper_798,Storm Trooper,2022-05-04,,
storm_trooper_799,Storm Trooper,2022-05-04,,
storm_trooper_800,Storm Trooper,2022-05-04,,
storm_trooper_801,Storm Trooper,2022-05-04,,
storm_trooper_802,Storm Trooper,2022-05-04,,
storm_trooper_803,Storm Trooper,2022-05-04,,
storm_trooper_804,Storm Trooper,2022-05-04,,
storm_trooper_805,Storm Trooper,2022-05-04,,
storm_trooper_806,Storm Trooper,2022-05-04,,
storm_trooper_807,Storm Trooper,2022-05-04,,
storm_trooper_808,Storm Trooper,2022-05-04,,
storm_trooper_809,Storm Trooper,2022-05-04,,
storm_trooper_810,Storm Trooper,2022-05-04,,
storm_trooper_811,Storm Trooper,2022-05-04,,
storm_trooper_812,Storm Trooper,2022-05-04,,
storm_trooper_813,Storm Trooper,2022-05-04,,
storm_trooper_814,Storm Trooper,2022-05-04,,
storm_trooper_815,Storm Trooper,2022-05-04,,
storm_trooper_816,Storm Trooper,2022-05-04,,
storm_trooper_817,Storm Trooper,2022-05-04,,
storm_trooper_818,Storm Trooper,2022-05-04,,
storm_trooper_819,Storm Trooper,2022-05-04,,
storm_trooper_820,Storm Trooper,2022-05-04,,
storm_trooper_821,Storm Trooper,2022-05-04,,
storm_trooper_822,Storm Trooper,2022-05-04,,
storm_trooper_823,Storm Trooper,2022-05-04,,
storm_trooper_824,Storm Trooper,2022-05-04,,
storm_trooper_825,Storm Trooper,2022-05-04,,
storm_trooper_826,Storm Trooper,2022-05-04,,
storm_trooper_827,Storm Trooper,2022-05-04,,
storm_trooper_828,Storm Trooper,2022-05-04,,
storm_trooper_829,Storm Trooper,2022-05-04,,
storm_trooper_830,Storm Trooper,2022-05-04,,
storm_trooper_831,Storm Trooper,2022-05-04,,
storm_trooper_832,Storm Trooper,2022-05-04,,
storm_trooper_833,Storm Trooper,2022-05-04,,
storm_trooper_834,Storm Trooper,2022-05-04,,
storm_trooper_835,Storm Trooper,2022-05-04,,
storm_trooper_836,Storm Trooper,2022-05-04,,
storm_trooper_837,Storm Trooper,2022-05-04,,
storm_trooper_838,Storm Trooper,2022-05-04,,
storm_trooper_839,Storm Trooper,2022-05-04,,
storm_trooper_840,Storm Trooper,2022-05-04,,
storm_trooper_841,Storm Trooper,2022-05-04,,
storm_trooper_842,Storm Trooper,2022-05-04,,
storm_trooper_843,Storm Trooper,2022-05-04,,
storm_trooper_844,Storm Trooper,2022-05-04,,
storm_trooper_845,Storm Trooper,2022-05-04,,
storm_trooper_846,Storm Trooper,2022-05-04,,
storm_trooper_847,Storm Trooper,2022-05-04,,
storm_trooper_848,Storm Trooper,2022-05-04,,
storm_trooper_849,Storm Trooper,2022-05-04,,
storm_trooper_850,Storm Trooper,2022-05-04,,
storm_trooper_851,Storm Trooper,2022-05-04,,
storm_trooper_852,Storm Trooper,2022-05-04,,
storm_trooper_853,Storm Trooper,2022-05-04,,
storm_trooper_854,Storm Trooper,2022-05-04,,
storm_trooper_855,Storm Trooper,2022-05-04,,
storm_trooper_856,Storm Trooper,2022-05-04,,
storm_trooper_857,Storm Trooper,2022-05-04,,
storm_trooper_858,Storm Trooper,2022-05-04,,
storm_trooper_859,Storm Trooper,2022-05-04,,
storm_trooper_860,Storm Trooper,2022-05-04,,
storm_trooper_861,Storm Trooper,2022-05-04,,
storm_trooper_862,Storm Trooper,2022-05-04,,
storm_trooper_863,Storm Trooper,2022-05-04,,
storm_trooper_864,Storm Trooper,2022-05-04,,
storm_trooper_865,Storm Trooper,2022-05-04,,
storm_trooper_866,Storm Trooper,2022-05-04,,
storm_trooper_867,Storm Trooper,2022-05-04,,
storm_trooper_868,Storm Trooper,2022-05-04,,
storm_trooper_869,Storm Trooper,2022-05-04,,
storm_trooper_870,Storm Trooper,2022-05-04,,
storm_trooper_871,Storm Trooper,2022-05-04,,
storm_trooper_872,Storm Trooper,2022-05-04,,
storm_trooper_873,Storm Trooper,2022-05-04,,
storm_trooper_874,Storm Trooper,2022-05-04,,
storm_trooper_875,Storm Trooper,2022-05-04,,
storm_trooper_876,Storm Trooper,2022-05-04,,
storm_trooper_877,Storm Trooper,2022-05-04,,
storm_trooper_878,Storm Trooper,2022-05-04,,
storm_trooper_879,Storm Trooper,2022-05-04,,
storm_trooper_880,Storm Trooper,2022-05-04,,
storm_trooper_881,Storm Trooper,2022-05-04,,
storm_trooper_882,Storm Trooper,2022-05-04,,
storm_trooper_883,Storm Trooper,2022-05-04,,
storm_trooper_884,Storm Trooper,2022-05-04,,
storm_trooper_885,Storm Trooper,2022-05-04,,
storm_trooper_886,Storm Trooper,2022-05-04,,
storm_trooper_887,Storm Trooper,2022-05-04,,
storm_trooper_888,Storm Trooper,2022-05-04,,
storm_trooper_889,Storm Trooper,2022-05-04,,
storm_trooper_890,Storm Trooper,2022-05-04,,
storm_trooper_891,Storm Trooper,2022-05-04,,
storm_trooper_892,Storm Trooper,2022-05-04,,
storm_trooper_893,Storm Trooper,2022-05-04,,
storm_trooper_894,Storm Trooper,2022-05-04,,
storm_trooper_895,Storm Trooper,2022-05-04,,
storm_trooper_896,Storm Trooper,2022-05-04,,
storm_trooper_897,Storm Trooper,2022-05-04,,
storm_trooper_898,Storm Trooper,2022-05-04,,
storm_trooper_899,Storm Trooper,2022-05-04,,
storm_trooper_900,Storm Trooper,2022-05-04,,
storm_trooper_901,Storm Trooper,2022-05-04,,
storm_trooper_902,Storm Trooper,2022-05-04,,
storm_trooper_903,Storm Trooper,2022-05-04,,
storm_trooper_904,Storm Trooper,2022-05-04,,
storm_trooper_905,Storm Trooper,2022-05-04,,
storm_trooper_906,Storm Trooper,2022-05-04,,
storm_trooper_907,Storm Trooper,2022-05-04,,
storm_trooper_908,Storm Trooper,2022-05-04,,
storm_trooper_909,Storm Trooper,2022-05-04,,
storm_trooper_910,Storm Trooper,2022-05-04,,
storm_trooper_911,Storm Trooper,2022-05-04,,
storm_trooper_912,Storm Trooper,2022-05-04,,
storm_trooper_913,Storm Trooper,2022-05-04,,
storm_trooper_914,Storm Trooper,2022-05-04,,
storm_trooper_915,Storm Trooper,2022-05-04,,
storm_trooper_916,Storm Trooper,2022-05-04,,
storm_trooper_917,Storm Trooper,2022-05-04,,
storm_trooper_918,Storm Trooper,2022-05-04,,
storm_trooper_919,Storm Trooper,2022-05-04,,
storm_trooper_920,Storm Trooper,2022-05-04,,
storm_trooper_921,Storm Trooper,2022-05-04,,
storm_trooper_922,Storm Trooper,2022-05-04,,
storm_trooper_923,Storm Trooper,2022-05-04,,
storm_trooper_924,Storm Trooper,2022-05-04,,
storm_trooper_925,Storm Trooper,2022-05-04,,
storm_trooper_926,Storm Trooper,2022-05-04,,
storm_trooper_927,Storm Trooper,2022-05-04,,
storm_trooper_928,Storm Trooper,2022-05-04,,
storm_trooper_929,Storm Trooper,2022-05-04,,
storm_trooper_930,Storm Trooper,2022-05-04,,
storm_trooper_931,Storm Trooper,2022-05-04,,
storm_trooper_932,Storm Trooper,2022-05-04,,
storm_trooper_933,Storm Trooper,2022-05-04,,
storm_trooper_934,Storm Trooper,2022-05-04,,
storm_trooper_935,Storm Trooper,2022-05-04,,
storm_trooper_936,Storm Trooper,2022-05-04,,
storm_trooper_937,Storm Trooper,2022-05-04,,
storm_trooper_938,Storm Trooper,2022-05-04,,
storm_trooper_939,Storm Trooper,2022-05-04,,
storm_trooper_940,Storm Trooper,2022-05-04,,
storm_trooper_941,Storm Trooper,2022-05-04,,
storm_trooper_942,Storm Trooper,2022-05-04,,
storm_trooper_943,Storm Trooper,2022-05-04,,
storm_trooper_944,Storm Trooper,2022-05-04,,
storm_trooper_945,Storm Trooper,2022-05-04,,
storm_trooper_946,Storm Trooper,2022-05-04,,
storm_trooper_947,Storm Trooper,2022-05-04,,
storm_trooper_948,Storm Trooper,2022-05-04,,
storm_trooper_949,Storm Trooper,2022-05-04,,
storm_trooper_950,Storm Trooper,2022-05-04,,
storm_trooper_951,Storm Trooper,2022-05-04,,
storm_trooper_952,Storm Trooper,2022-05-04,,
storm_trooper_953,Storm Trooper,2022-05-04,,
storm_trooper_954,Storm Trooper,2022-05-04,,
storm_trooper_955,Storm Trooper,2022-05-04,,
storm_trooper_956,Storm Trooper,2022-05-04,,
storm_trooper_957,Storm Trooper,2022-05-04,,
storm_trooper_958,Storm Trooper,2022-05-04,,
storm_trooper_959,Storm Trooper,2022-05-04,,
storm_trooper_960,Storm Trooper,2022-05-04,,
storm_trooper_961,Storm Trooper,2022-05-04,,
storm_trooper_962,Storm Trooper,2022-05-04,,
storm_trooper_963,Storm Trooper,2022-05-04,,
storm_trooper_964,Storm Trooper,2022-05-04,,
storm_trooper_965,Storm Trooper,2022-05-04,,
storm_trooper_966,Storm Trooper,2022-05-04,,
storm_trooper_967,Storm Trooper,2022-05-04,,
storm_trooper_968,Storm Trooper,2022-05-04,,
storm_trooper_969,Storm Trooper,2022-05-04,,
storm_trooper_970,Storm Trooper,2022-05-04,,
storm_trooper_971,Storm Trooper,2022-05-04,,
storm_trooper_972,Storm Trooper,2022-05-04,,
storm_trooper_973,Storm Trooper,2022-05-04,,
storm_trooper_974,Storm Trooper,2022-05-04,,
storm_trooper_975,Storm Trooper,2022-05-04,,
storm_trooper_976,Storm Trooper,2022-05-04,,
storm_trooper_977,Storm Trooper,2022-05-04,,
storm_trooper_978,Storm Trooper,2022-05-04,,
storm_trooper_979,Storm Trooper,2022-05-04,,
storm_trooper_980,Storm Trooper,2022-05-04,,
storm_trooper_981,Storm Trooper,2022-05-04,,
storm_trooper_982,Storm Trooper,2022-05-04,,
storm_trooper_983,Storm Trooper,2022-05-04,,
storm_trooper_984,Storm Trooper,2022-05-04,,
storm_trooper_985,Storm Trooper,2022-05-04,,
storm_trooper_986,Storm Trooper,2022-05-04,,
storm_trooper_987,Storm Trooper,2022-05-04,,
storm_trooper_988,Storm Trooper,2022-05-04,,
storm_trooper_989,Storm Trooper,2022-05-04,,
storm_trooper_990,Storm Trooper,2022-05-04,,
storm_trooper_991,Storm Trooper,2022-05-04,,
storm_trooper_992,Storm Trooper,2022-05-04,,
storm_trooper_993,Storm Trooper,2022-05-04,,
storm_trooper_994,Storm Trooper,2022-05-04,,
storm_trooper_995,Storm Trooper,2022-05-04,,
storm_trooper_996,Storm Trooper,2022-05-04,,
storm_trooper_997,Storm Trooper,2022-05-04,,
storm_trooper_998,Storm Trooper,2022-05-04,,
storm_trooper_999,Storm Trooper,2022-05-04,,
crewman_0,Crewman,2022-05-04,,
crewman_1,Crewman,2022-05-04,,
crewman_2,Crewman,2022-05-04,,
crewman_3,Crewman,2022-05-04,,
crewman_4,Crewman,2022-05-04,,
crewman_5,Crewman,2022-05-04,,
crewman_6,Crewman,2022-05-04,,
crewman_7,Crewman,2022-05-04,,
crewman_8,Crewman,2022-05-04,,
crewman_9,Crewman,2022-05-04,,
crewman_10,Crewman,2022-05-04,,
crewman_11,Crewman,2022-05-04,,
crewman_12,Crewman,2022-05-04,,
crewman_13,Crewman,2022-05-04,,
crewman_14,Crewman,2022-05-04,,
crewman_15,Crewman,2022-05-04,,
crewman_16,Crewman,2022-05-04,,
crewman_17,Crewman,2022-05-04,,
crewman_18,Crewman,2022-05-04,,
crewman_19,Crewman,2022-05-04,,
crewman_20,Crewman,2022-05-04,,
crewman_21,Crewman,2022-05-04,,
crewman_22,Crewman,2022-05-04,,
crewman_23,Crewman,2022-05-04,,
crewman_24,Crewman,2022-05-04,,
crewman_25,Crewman,2022-05-04,,
crewman_26,Crewman,2022-05-04,,
crewman_27,Crewman,2022-05-04,,
crewman_28,Crewman,2022-05-04,,
crewman_29,Crewman,2022-05-04,,
crewman_30,Crewman,2022-05-04,,
crewman_31,Crewman,2022-05-04,,
crewman_32,Crewman,2022-05-04,,
crewman_33,Crewman,2022-05-04,,
crewman_34,Crewman,2022-05-04,,
crewman_35,Crewman,2022-05-04,,
crewman_36,Crewman,2022-05-04,,
crewman_37,Crewman,2022-05-04,,
crewman_38,Crewman,2022-05-04,,
crewman_39,Crewman,2022-05-04,,
crewman_40,Crewman,2022-05-04,,
crewman_41,Crewman,2022-05-04,,
crewman_42,Crewman,2022-05-04,,
crewman_43,Crewman,2022-05-04,,
crewman_44,Crewman,2022-05-04,,
crewman_45,Crewman,2022-05-04,,
crewman_46,Crewman,2022-05-04,,
crewman_47,Crewman,2022-05-04,,
crewman_48,Crewman,2022-05-04,,
crewman_49,Crewman,2022-05-04,,
crewman_50,Crewman,2022-05-04,,
crewman_51,Crewman,2022-05-04,,
crewman_52,Crewman,2022-05-04,,
crewman_53,Crewman,2022-05-04,,
crewman_54,Crewman,2022-05-04,,
crewman_55,Crewman,2022-05-04,,
crewman_56,Crewman,2022-05-04,,
crewman_57,Crewman,2022-05-04,,
crewman_58,Crewman,2022-05-04,,
crewman_59,Crewman,2022-05-04,,
crewman_60,Crewman,2022-05-04,,
crewman_61,Crewman,2022-05-04,,
crewman_62,Crewman,2022-05-04,,
crewman_63,Crewman,2022-05-04,,
crewman_64,Crewman,2022-05-04,,
crewman_65,Crewman,2022-05-04,,
crewman_66,Crewman,2022-05-04,,
crewman_67,Crewman,2022-05-04,,
crewman_68,Crewman,2022-05-04,,
crewman_69,Crewman,2022-05-04,,
crewman_70,Crewman,2022-05-04,,
crewman_71,Crewman,2022-05-04,,
crewman_72,Crewman,2022-05-04,,
crewman_73,Crewman,2022-05-04,,
crewman_74,Crewman,2022-05-04,,
crewman_75,Crewman,2022-05-04,,
crewman_76,Crewman,2022-05-04,,
crewman_77,Crewman,2022-05-04,,
crewman_78,Crewman,2022-05-04,,
crewman_79,Crewman,2022-05-04,,
crewman_80,Crewman,2022-05-04,,
crewman_81,Crewman,2022-05-04,,
crewman_82,Crewman,2022-05-04,,
crewman_83,Crewman,2022-05-04,,
crewman_84,Crewman,2022-05-04,,
crewman_85,Crewman,2022-05-04,,
crewman_86,Crewman,2022-05-04,,
crewman_87,Crewman,2022-05-04,,
crewman_88,Crewman,2022-05-04,,
crewman_89,Crewman,2022-05-04,,
crewman_90,Crewman,2022-05-04,,
crewman_91,Crewman,2022-05-04,,
crewman_92,Crewman,2022-05-04,,
crewman_93,Crewman,2022-05-04,,
crewman_94,Crewman,2022-05-04,,
crewman_95,Crewman,2022-05-04,,
crewman_96,Crewman,2022-05-04,,
crewman_97,Crewman,2022-05-04,,
crewman_98,Crewman,2022-05-04,,
crewman_99,Crewman,2022-05-04,,
pilot_0,Pilot,2022-05-04,,
pilot_1,Pilot,2022-05-04,,
pilot_2,Pilot,2022-05-04,,
pilot_3,Pilot,2022-05-04,,
pilot_4,Pilot,2022-05-04,,
pilot_5,Pilot,2022-05-04,,
pilot_6,Pilot,2022-05-04,,
pilot_7,Pilot,2022-05-04,,
pilot_8,Pilot,2022-05-04,,
pilot_9,Pilot,2022-05-04,,
pilot_10,Pilot,2022-05-04,,
pilot_11,Pilot,2022-05-04,,
pilot_12,Pilot,2022-05-04,,
pilot_13,Pilot,2022-05-04,,
pilot_14,Pilot,2022-05-04,,
pilot_15,Pilot,2022-05-04,,
pilot_16,Pilot,2022-05-04,,
pilot_17,Pilot,2022-05-04,,
pilot_18,Pilot,2022-05-04,,
pilot_19,Pilot,2022-05-04,,
